{
    "SVM": {
        "MAE_mean": 2.0937432064830985,
        "MAE_std": 0.10721117704048867,
        "RMSE_mean": 2.559881396006489,
        "RMSE_std": 0.18215837067336596
    },
    "RandomForest": {
        "MAE_mean": 2.132274748943046,
        "MAE_std": 0.13569893085132226,
        "RMSE_mean": 2.5927199420082214,
        "RMSE_std": 0.20429077112027236
    },
    "MLP": {
        "MAE_mean": 2.6391829149028645,
        "MAE_std": 0.2073934083851063,
        "RMSE_mean": 3.3158528301873043,
        "RMSE_std": 0.19231103675548603
    }
}